id;title;url
1;riso;https://s-ec.bstatic.com/images/hotel/max1280x900/294/29442429.jpg
2;a_table;https://2.kerulet.ittlakunk.hu/files/ittlakunk/upload/company/14408/a_table_mammut02.jpg
3;babuska;https://scontent-vie1-1.xx.fbcdn.net/v/t31.0-8/12909550_1661331177461475_711012345416431457_o.jpg?_nc_cat=0&oh=e3c59089cd8afbd7a95fbf4d42412958&oe=5B956EE3
4;bock_bisztro;https://scontent-vie1-1.xx.fbcdn.net/v/t1.0-9/13260126_1052078861523707_2840500209015325658_n.jpg?_nc_cat=0&oh=bd8549544e8194793684be6c57d81e70&oe=5B50744F
5;hanoi_pho;https://etterem.hu/img/max960/p12608n/1431677141-3200.jpg
6;pizzica;https://scontent-vie1-1.xx.fbcdn.net/v/t31.0-8/10257531_1494689177419749_6808229684701582085_o.jpg?_nc_cat=0&oh=7c8d5a5673ea0f9f6f2887a9db2411c2&oe=5B8C6EBE
7;prime_steakhouse;https://scontent-vie1-1.xx.fbcdn.net/v/t1.0-9/31432413_1843433335700378_3724932942100206455_n.png?_nc_cat=0&oh=2355a02fbdd47df8124b229e2595e74a&oe=5B9AEB75
8;ramenka;https://scontent-vie1-1.xx.fbcdn.net/v/t31.0-8/10382059_902467636456715_3925747809871947127_o.jpg?_nc_cat=0&oh=c71542b8f7055a6eccb272f33c77ea21&oe=5B9C6681
9;spiler;https://scontent-vie1-1.xx.fbcdn.net/v/t1.0-9/30743139_1773286539405491_2354450213501491885_n.jpg?_nc_cat=0&oh=7532679410e7f06cbfcf6307601bd5f7&oe=5B58823D
10;sarki_fuszeres;https://scontent-vie1-1.xx.fbcdn.net/v/t1.0-9/13151799_1277161132297422_8007709817529582496_n.jpg?_nc_cat=0&oh=18e5749eff8e242e6e93b3e7eb8ce504&oe=5B60F9D2
11;soul_food;https://scontent-vie1-1.xx.fbcdn.net/v/t1.0-9/29791530_1502660719862903_9049215005049417122_n.jpg?_nc_cat=0&oh=7d0722079742bc914aac2b8e42abd22d&oe=5B59DD5A
12;vendeglo_a_kisbirohoz;https://scontent-vie1-1.xx.fbcdn.net/v/t31.0-8/30167334_914217022080371_165419529242232887_o.jpg?_nc_cat=0&oh=78924e06139d2b9ec41eac331c824bd3&oe=5B8B5DEF
13;caviar&bull;https://scontent-vie1-1.xx.fbcdn.net/v/t31.0-8/20617199_340186026418781_6052644891979197140_o.jpg?_nc_cat=0&oh=bb4b4071f7cbcc850a1c55487901517b&oe=5B550D69
14;baraka;https://scontent-vie1-1.xx.fbcdn.net/v/t31.0-8/19800854_1759074220774874_3935395968017596259_o.jpg?_nc_cat=0&oh=d04e51a80590250e351ef3015e75ac26&oe=5B8EF9F4
15;mandragora;https://scontent-vie1-1.xx.fbcdn.net/v/t31.0-8/29064281_10156270961709641_7826023605924378247_o.jpg?_nc_cat=0&oh=b8e54cf7b30388141e5a6b08262af282&oe=5B545549
16;derine_bistro;https://i2.wp.com/welovebudapest.com/wp-content/uploads/sites/1/2015/01/cefa732824f0058e6a46d44567d8e1fc.jpg?fit=1500%2C1000&ssl=1&w=800
